date,series_id,value
1962/1/31,DGS10,4.083181818
1962/2/28,DGS10,4.039444444
1962/3/31,DGS10,3.930454545
1962/4/30,DGS10,3.843
1962/5/31,DGS10,3.873636364
1962/6/30,DGS10,3.909047619
1962/7/31,DGS10,4.014285714
1962/8/31,DGS10,3.975652174
1962/9/30,DGS10,3.978947368
1962/10/31,DGS10,3.925454545
1962/11/30,DGS10,3.915789474
1962/12/31,DGS10,3.8645
1963/1/31,DGS10,3.833636364
1963/2/28,DGS10,3.921111111
1963/3/31,DGS10,3.928571429
1963/4/30,DGS10,3.970952381
1963/5/31,DGS10,3.93
1963/6/30,DGS10,3.993
1963/7/31,DGS10,4.020454545
1963/8/31,DGS10,4.002272727
1963/9/30,DGS10,4.0775
1963/10/31,DGS10,4.106086957
1963/11/30,DGS10,4.121764706
1963/12/31,DGS10,4.128571429
1964/1/31,DGS10,4.166818182
1964/2/29,DGS10,4.145555556
1964/3/31,DGS10,4.21952381
1964/4/30,DGS10,4.232272727
1964/5/31,DGS10,4.2
1964/6/30,DGS10,4.17
1964/7/31,DGS10,4.185909091
1964/8/31,DGS10,4.193809524
1964/9/30,DGS10,4.203809524
1964/10/31,DGS10,4.188095238
1964/11/30,DGS10,4.152777778
1964/12/31,DGS10,4.179545455
1965/1/31,DGS10,4.1895
1965/2/28,DGS10,4.211111111
1965/3/31,DGS10,4.210434783
1965/4/30,DGS10,4.203809524
1965/5/31,DGS10,4.2115
1965/6/30,DGS10,4.213181818
1965/7/31,DGS10,4.204761905
1965/8/31,DGS10,4.252272727
1965/9/30,DGS10,4.29047619
1965/10/31,DGS10,4.3495
1965/11/30,DGS10,4.448947368
1965/12/31,DGS10,4.615454545
1966/1/31,DGS10,4.612380952
1966/2/28,DGS10,4.832105263
1966/3/31,DGS10,4.873478261
1966/4/30,DGS10,4.75
1966/5/31,DGS10,4.778571429
1966/6/30,DGS10,4.814545455
1966/7/31,DGS10,5.018
1966/8/31,DGS10,5.224347826
1966/9/30,DGS10,5.182380952
1966/10/31,DGS10,5.0115
1966/11/30,DGS10,5.155263158
1966/12/31,DGS10,4.842857143
1967/1/31,DGS10,4.579047619
1967/2/28,DGS10,4.626666667
1967/3/31,DGS10,4.541818182
1967/4/30,DGS10,4.5935
1967/5/31,DGS10,4.847727273
1967/6/30,DGS10,5.022727273
1967/7/31,DGS10,5.159
1967/8/31,DGS10,5.275652174
1967/9/30,DGS10,5.302
1967/10/31,DGS10,5.480952381
1967/11/30,DGS10,5.7535
1967/12/31,DGS10,5.699
1968/1/31,DGS10,5.528636364
1968/2/29,DGS10,5.563684211
1968/3/31,DGS10,5.74
1968/4/30,DGS10,5.6385
1968/5/31,DGS10,5.869545455
1968/6/30,DGS10,5.718
1968/7/31,DGS10,5.495454545
1968/8/31,DGS10,5.420454545
1968/9/30,DGS10,5.46
1968/10/31,DGS10,5.582608696
1968/11/30,DGS10,5.696111111
1968/12/31,DGS10,6.031904762
1969/1/31,DGS10,6.041818182
1969/2/28,DGS10,6.188947368
1969/3/31,DGS10,6.296
1969/4/30,DGS10,6.173333333
1969/5/31,DGS10,6.323333333
1969/6/30,DGS10,6.574285714
1969/7/31,DGS10,6.71952381
1969/8/31,DGS10,6.691428571
1969/9/30,DGS10,7.15952381
1969/10/31,DGS10,7.095454545
1969/11/30,DGS10,7.144117647
1969/12/31,DGS10,7.654090909
1970/1/31,DGS10,7.794761905
1970/2/28,DGS10,7.238333333
1970/3/31,DGS10,7.072857143
1970/4/30,DGS10,7.390909091
1970/5/31,DGS10,7.906190476
1970/6/30,DGS10,7.841818182
1970/7/31,DGS10,7.457272727
1970/8/31,DGS10,7.527142857
1970/9/30,DGS10,7.38952381
1970/10/31,DGS10,7.326666667
1970/11/30,DGS10,6.841111111
1970/12/31,DGS10,6.391363636
1971/1/31,DGS10,6.2385
1971/2/28,DGS10,6.112222222
1971/3/31,DGS10,5.703478261
1971/4/30,DGS10,5.833809524
1971/5/31,DGS10,6.3925
1971/6/30,DGS10,6.522272727
1971/7/31,DGS10,6.72952381
1971/8/31,DGS10,6.582727273
1971/9/30,DGS10,6.13952381
1971/10/31,DGS10,5.925789474
1971/11/30,DGS10,5.81
1971/12/31,DGS10,5.926363636
1972/1/31,DGS10,5.947619048
1972/2/29,DGS10,6.081
1972/3/31,DGS10,6.068636364
1972/4/30,DGS10,6.1945
1972/5/31,DGS10,6.126363636
1972/6/30,DGS10,6.106818182
1972/7/31,DGS10,6.113
1972/8/31,DGS10,6.210434783
1972/9/30,DGS10,6.5495
1972/10/31,DGS10,6.4795
1972/11/30,DGS10,6.2805
1972/12/31,DGS10,6.3585
1973/1/31,DGS10,6.464545455
1973/2/28,DGS10,6.635555556
1973/3/31,DGS10,6.709090909
1973/4/30,DGS10,6.6685
1973/5/31,DGS10,6.847272727
1973/6/30,DGS10,6.9
1973/7/31,DGS10,7.130952381
1973/8/31,DGS10,7.404782609
1973/9/30,DGS10,7.090526316
1973/10/31,DGS10,6.794285714
1973/11/30,DGS10,6.7285
1973/12/31,DGS10,6.743684211
1974/1/31,DGS10,6.988636364
1974/2/28,DGS10,6.957222222
1974/3/31,DGS10,7.209047619
1974/4/30,DGS10,7.512380952
1974/5/31,DGS10,7.575909091
1974/6/30,DGS10,7.5355
1974/7/31,DGS10,7.805
1974/8/31,DGS10,8.044090909
1974/9/30,DGS10,8.0375
1974/10/31,DGS10,7.896818182
1974/11/30,DGS10,7.681111111
1974/12/31,DGS10,7.433809524
1975/1/31,DGS10,7.501363636
1975/2/28,DGS10,7.392222222
1975/3/31,DGS10,7.728
1975/4/30,DGS10,8.226818182
1975/5/31,DGS10,8.05952381
1975/6/30,DGS10,7.860952381
1975/7/31,DGS10,8.061363636
1975/8/31,DGS10,8.397619048
1975/9/30,DGS10,8.426666667
1975/10/31,DGS10,8.137727273
1975/11/30,DGS10,8.052941176
1975/12/31,DGS10,7.996818182
1976/1/31,DGS10,7.742380952
1976/2/29,DGS10,7.792777778
1976/3/31,DGS10,7.734347826
1976/4/30,DGS10,7.564285714
1976/5/31,DGS10,7.895
1976/6/30,DGS10,7.861363636
1976/7/31,DGS10,7.831904762
1976/8/31,DGS10,7.768636364
1976/9/30,DGS10,7.594285714
1976/10/31,DGS10,7.411
1976/11/30,DGS10,7.291052632
1976/12/31,DGS10,6.869090909
1977/1/31,DGS10,7.213333333
1977/2/28,DGS10,7.391052632
1977/3/31,DGS10,7.46
1977/4/30,DGS10,7.3705
1977/5/31,DGS10,7.456666667
1977/6/30,DGS10,7.275454545
1977/7/31,DGS10,7.33
1977/8/31,DGS10,7.396521739
1977/9/30,DGS10,7.343809524
1977/10/31,DGS10,7.5235
1977/11/30,DGS10,7.577368421
1977/12/31,DGS10,7.685238095
1978/1/31,DGS10,7.956190476
1978/2/28,DGS10,8.033333333
1978/3/31,DGS10,8.035909091
1978/4/30,DGS10,8.154
1978/5/31,DGS10,8.345714286
1978/6/30,DGS10,8.462272727
1978/7/31,DGS10,8.64
1978/8/31,DGS10,8.410869565
1978/9/30,DGS10,8.4165
1978/10/31,DGS10,8.642380952
1978/11/30,DGS10,8.805
1978/12/31,DGS10,9.0065
1979/1/31,DGS10,9.099545455
1979/2/28,DGS10,9.098333333
1979/3/31,DGS10,9.117272727
1979/4/30,DGS10,9.182
1979/5/31,DGS10,9.252380952
1979/6/30,DGS10,8.913809524
1979/7/31,DGS10,8.95
1979/8/31,DGS10,9.029565217
1979/9/30,DGS10,9.334736842
1979/10/31,DGS10,10.29909091
1979/11/30,DGS10,10.65315789
1979/12/31,DGS10,10.386
1980/1/31,DGS10,10.80227273
1980/2/29,DGS10,12.41473684
1980/3/31,DGS10,12.74904762
1980/4/30,DGS10,11.47333333
1980/5/31,DGS10,10.18142857
1980/6/30,DGS10,9.778095238
1980/7/31,DGS10,10.24772727
1980/8/31,DGS10,11.10190476
1980/9/30,DGS10,11.50857143
1980/10/31,DGS10,11.75136364
1980/11/30,DGS10,12.68470588
1980/12/31,DGS10,12.84409091
1981/1/31,DGS10,12.56857143
1981/2/28,DGS10,13.19444444
1981/3/31,DGS10,13.11590909
1981/4/30,DGS10,13.67952381
1981/5/31,DGS10,14.0995
1981/6/30,DGS10,13.47227273
1981/7/31,DGS10,14.28090909
1981/8/31,DGS10,14.93714286
1981/9/30,DGS10,15.32380952
1981/10/31,DGS10,15.14809524
1981/11/30,DGS10,13.39277778
1981/12/31,DGS10,13.72454545
1982/1/31,DGS10,14.594
1982/2/28,DGS10,14.42555556
1982/3/31,DGS10,13.86130435
1982/4/30,DGS10,13.87190476
1982/5/31,DGS10,13.6225
1982/6/30,DGS10,14.29954545
1982/7/31,DGS10,13.94619048
1982/8/31,DGS10,13.055
1982/9/30,DGS10,12.33904762
1982/10/31,DGS10,10.9065
1982/11/30,DGS10,10.55052632
1982/12/31,DGS10,10.54
1983/1/31,DGS10,10.45714286
1983/2/28,DGS10,10.72473684
1983/3/31,DGS10,10.50652174
1983/4/30,DGS10,10.4
1983/5/31,DGS10,10.38
1983/6/30,DGS10,10.84863636
1983/7/31,DGS10,11.377
1983/8/31,DGS10,11.84608696
1983/9/30,DGS10,11.65380952
1983/10/31,DGS10,11.541
1983/11/30,DGS10,11.69
1983/12/31,DGS10,11.82952381
1984/1/31,DGS10,11.67428571
1984/2/29,DGS10,11.84210526
1984/3/31,DGS10,12.31909091
1984/4/30,DGS10,12.6335
1984/5/31,DGS10,13.40863636
1984/6/30,DGS10,13.56285714
1984/7/31,DGS10,13.36238095
1984/8/31,DGS10,12.71608696
1984/9/30,DGS10,12.52263158
1984/10/31,DGS10,12.16045455
1984/11/30,DGS10,11.57263158
1984/12/31,DGS10,11.4995
1985/1/31,DGS10,11.38428571
1985/2/28,DGS10,11.50888889
1985/3/31,DGS10,11.8552381
1985/4/30,DGS10,11.4347619
1985/5/31,DGS10,10.84681818
1985/6/30,DGS10,10.156
1985/7/31,DGS10,10.30681818
1985/8/31,DGS10,10.33181818
1985/9/30,DGS10,10.37315789
1985/10/31,DGS10,10.23681818
1985/11/30,DGS10,9.781578947
1985/12/31,DGS10,9.259047619
1986/1/31,DGS10,9.193809524
1986/2/28,DGS10,8.704210526
1986/3/31,DGS10,7.7785
1986/4/30,DGS10,7.299090909
1986/5/31,DGS10,7.70952381
1986/6/30,DGS10,7.79952381
1986/7/31,DGS10,7.303181818
1986/8/31,DGS10,7.165714286
1986/9/30,DGS10,7.447619048
1986/10/31,DGS10,7.426363636
1986/11/30,DGS10,7.250555556
1986/12/31,DGS10,7.112727273
1987/1/31,DGS10,7.0845
1987/2/28,DGS10,7.250526316
1987/3/31,DGS10,7.248636364
1987/4/30,DGS10,8.022857143
1987/5/31,DGS10,8.613
1987/6/30,DGS10,8.402272727
1987/7/31,DGS10,8.446818182
1987/8/31,DGS10,8.76047619
1987/9/30,DGS10,9.421904762
1987/10/31,DGS10,9.52
1987/11/30,DGS10,8.860526316
1987/12/31,DGS10,8.987727273
1988/1/31,DGS10,8.665789474
1988/2/29,DGS10,8.212
1988/3/31,DGS10,8.373478261
1988/4/30,DGS10,8.7185
1988/5/31,DGS10,9.089047619
1988/6/30,DGS10,8.921363636
1988/7/31,DGS10,9.056
1988/8/31,DGS10,9.260434783
1988/9/30,DGS10,8.977142857
1988/10/31,DGS10,8.7955
1988/11/30,DGS10,8.9625
1988/12/31,DGS10,9.105714286
1989/1/31,DGS10,9.0915
1989/2/28,DGS10,9.168947368
1989/3/31,DGS10,9.357727273
1989/4/30,DGS10,9.1755
1989/5/31,DGS10,8.859090909
1989/6/30,DGS10,8.277272727
1989/7/31,DGS10,8.0185
1989/8/31,DGS10,8.112608696
1989/9/30,DGS10,8.1905
1989/10/31,DGS10,8.007619048
1989/11/30,DGS10,7.874285714
1989/12/31,DGS10,7.836
1990/1/31,DGS10,8.206666667
1990/2/28,DGS10,8.473157895
1990/3/31,DGS10,8.588636364
1990/4/30,DGS10,8.7855
1990/5/31,DGS10,8.758181818
1990/6/30,DGS10,8.48
1990/7/31,DGS10,8.471428571
1990/8/31,DGS10,8.752608696
1990/9/30,DGS10,8.893157895
1990/10/31,DGS10,8.719545455
1990/11/30,DGS10,8.392
1990/12/31,DGS10,8.075
1991/1/31,DGS10,8.091904762
1991/2/28,DGS10,7.854736842
1991/3/31,DGS10,8.11
1991/4/30,DGS10,8.039090909
1991/5/31,DGS10,8.067727273
1991/6/30,DGS10,8.284
1991/7/31,DGS10,8.272727273
1991/8/31,DGS10,7.9
1991/9/30,DGS10,7.65
1991/10/31,DGS10,7.527272727
1991/11/30,DGS10,7.417368421
1991/12/31,DGS10,7.088571429
1992/1/31,DGS10,7.032380952
1992/2/29,DGS10,7.337894737
1992/3/31,DGS10,7.542272727
1992/4/30,DGS10,7.48047619
1992/5/31,DGS10,7.392
1992/6/30,DGS10,7.261818182
1992/7/31,DGS10,6.844545455
1992/8/31,DGS10,6.585714286
1992/9/30,DGS10,6.415238095
1992/10/31,DGS10,6.589047619
1992/11/30,DGS10,6.873157895
1992/12/31,DGS10,6.77
1993/1/31,DGS10,6.6
1993/2/28,DGS10,6.258947368
1993/3/31,DGS10,5.975217391
1993/4/30,DGS10,5.96952381
1993/5/31,DGS10,6.0355
1993/6/30,DGS10,5.962727273
1993/7/31,DGS10,5.805238095
1993/8/31,DGS10,5.677727273
1993/9/30,DGS10,5.36
1993/10/31,DGS10,5.334
1993/11/30,DGS10,5.724
1993/12/31,DGS10,5.774090909
1994/1/31,DGS10,5.7505
1994/2/28,DGS10,5.973157895
1994/3/31,DGS10,6.482608696
1994/4/30,DGS10,6.972105263
1994/5/31,DGS10,7.183333333
1994/6/30,DGS10,7.101363636
1994/7/31,DGS10,7.298
1994/8/31,DGS10,7.236086957
1994/9/30,DGS10,7.457142857
1994/10/31,DGS10,7.744
1994/11/30,DGS10,7.955
1994/12/31,DGS10,7.813809524
1995/1/31,DGS10,7.7795
1995/2/28,DGS10,7.469473684
1995/3/31,DGS10,7.204782609
1995/4/30,DGS10,7.062631579
1995/5/31,DGS10,6.632727273
1995/6/30,DGS10,6.168181818
1995/7/31,DGS10,6.278
1995/8/31,DGS10,6.48826087
1995/9/30,DGS10,6.1975
1995/10/31,DGS10,6.044761905
1995/11/30,DGS10,5.93047619
1995/12/31,DGS10,5.7115
1996/1/31,DGS10,5.652380952
1996/2/29,DGS10,5.8055
1996/3/31,DGS10,6.268571429
1996/4/30,DGS10,6.511363636
1996/5/31,DGS10,6.736818182
1996/6/30,DGS10,6.912
1996/7/31,DGS10,6.865454545
1996/8/31,DGS10,6.635454545
1996/9/30,DGS10,6.832
1996/10/31,DGS10,6.533636364
1996/11/30,DGS10,6.203684211
1996/12/31,DGS10,6.302380952
1997/1/31,DGS10,6.579047619
1997/2/28,DGS10,6.419473684
1997/3/31,DGS10,6.6945
1997/4/30,DGS10,6.885454545
1997/5/31,DGS10,6.710952381
1997/6/30,DGS10,6.493809524
1997/7/31,DGS10,6.220454545
1997/8/31,DGS10,6.298571429
1997/9/30,DGS10,6.208571429
1997/10/31,DGS10,6.029545455
1997/11/30,DGS10,5.875
1997/12/31,DGS10,5.808636364
1998/1/31,DGS10,5.5445
1998/2/28,DGS10,5.574736842
1998/3/31,DGS10,5.647272727
1998/4/30,DGS10,5.637619048
1998/5/31,DGS10,5.6525
1998/6/30,DGS10,5.496363636
1998/7/31,DGS10,5.461363636
1998/8/31,DGS10,5.341904762
1998/9/30,DGS10,4.806666667
1998/10/31,DGS10,4.53
1998/11/30,DGS10,4.827368421
1998/12/31,DGS10,4.645
1999/1/31,DGS10,4.722105263
1999/2/28,DGS10,4.998947368
1999/3/31,DGS10,5.232608696
1999/4/30,DGS10,5.184545455
1999/5/31,DGS10,5.5395
1999/6/30,DGS10,5.899545455
1999/7/31,DGS10,5.791904762
1999/8/31,DGS10,5.939090909
1999/9/30,DGS10,5.915238095
1999/10/31,DGS10,6.112
1999/11/30,DGS10,6.034
1999/12/31,DGS10,6.275454545
2000/1/31,DGS10,6.661
2000/2/29,DGS10,6.5195
2000/3/31,DGS10,6.256521739
2000/4/30,DGS10,5.990526316
2000/5/31,DGS10,6.440454545
2000/6/30,DGS10,6.097272727
2000/7/31,DGS10,6.054
2000/8/31,DGS10,5.826086957
2000/9/30,DGS10,5.799
2000/10/31,DGS10,5.738571429
2000/11/30,DGS10,5.717142857
2000/12/31,DGS10,5.2405
2001/1/31,DGS10,5.160952381
2001/2/28,DGS10,5.098947368
2001/3/31,DGS10,4.885454545
2001/4/30,DGS10,5.141
2001/5/31,DGS10,5.391363636
2001/6/30,DGS10,5.284285714
2001/7/31,DGS10,5.236190476
2001/8/31,DGS10,4.971304348
2001/9/30,DGS10,4.731764706
2001/10/31,DGS10,4.566818182
2001/11/30,DGS10,4.6515
2001/12/31,DGS10,5.0875
2002/1/31,DGS10,5.035714286
2002/2/28,DGS10,4.911578947
2002/3/31,DGS10,5.284
2002/4/30,DGS10,5.210909091
2002/5/31,DGS10,5.164545455
2002/6/30,DGS10,4.9265
2002/7/31,DGS10,4.653181818
2002/8/31,DGS10,4.257272727
2002/9/30,DGS10,3.87
2002/10/31,DGS10,3.940909091
2002/11/30,DGS10,4.048421053
2002/12/31,DGS10,4.032380952
2003/1/31,DGS10,4.048571429
2003/2/28,DGS10,3.902631579
2003/3/31,DGS10,3.807142857
2003/4/30,DGS10,3.958571429
2003/5/31,DGS10,3.569047619
2003/6/30,DGS10,3.334285714
2003/7/31,DGS10,3.975454545
2003/8/31,DGS10,4.445238095
2003/9/30,DGS10,4.274285714
2003/10/31,DGS10,4.290454545
2003/11/30,DGS10,4.3
2003/12/31,DGS10,4.267727273
2004/1/31,DGS10,4.1505
2004/2/29,DGS10,4.084210526
2004/3/31,DGS10,3.826521739
2004/4/30,DGS10,4.347619048
2004/5/31,DGS10,4.7155
2004/6/30,DGS10,4.733809524
2004/7/31,DGS10,4.498095238
2004/8/31,DGS10,4.281363636
2004/9/30,DGS10,4.125714286
2004/10/31,DGS10,4.097
2004/11/30,DGS10,4.194
2004/12/31,DGS10,4.230909091
2005/1/31,DGS10,4.2215
2005/2/28,DGS10,4.165263158
2005/3/31,DGS10,4.497727273
2005/4/30,DGS10,4.340952381
2005/5/31,DGS10,4.144285714
2005/6/30,DGS10,3.998181818
2005/7/31,DGS10,4.1775
2005/8/31,DGS10,4.262608696
2005/9/30,DGS10,4.199047619
2005/10/31,DGS10,4.4635
2005/11/30,DGS10,4.535
2005/12/31,DGS10,4.467142857
2006/1/31,DGS10,4.416
2006/2/28,DGS10,4.568947368
2006/3/31,DGS10,4.723913043
2006/4/30,DGS10,4.990526316
2006/5/31,DGS10,5.11
2006/6/30,DGS10,5.106363636
2006/7/31,DGS10,5.0875
2006/8/31,DGS10,4.876521739
2006/9/30,DGS10,4.719
2006/10/31,DGS10,4.729047619
2006/11/30,DGS10,4.595238095
2006/12/31,DGS10,4.5645
2007/1/31,DGS10,4.75952381
2007/2/28,DGS10,4.722631579
2007/3/31,DGS10,4.564545455
2007/4/30,DGS10,4.693809524
2007/5/31,DGS10,4.746363636
2007/6/30,DGS10,5.102857143
2007/7/31,DGS10,5.004285714
2007/8/31,DGS10,4.674782609
2007/9/30,DGS10,4.521578947
2007/10/31,DGS10,4.527727273
2007/11/30,DGS10,4.1485
2007/12/31,DGS10,4.0975
2008/1/31,DGS10,3.744285714
2008/2/29,DGS10,3.7375
2008/3/31,DGS10,3.51
2008/4/30,DGS10,3.675
2008/5/31,DGS10,3.88
2008/6/30,DGS10,4.09952381
2008/7/31,DGS10,4.007727273
2008/8/31,DGS10,3.885714286
2008/9/30,DGS10,3.686190476
2008/10/31,DGS10,3.814090909
2008/11/30,DGS10,3.526666667
2008/12/31,DGS10,2.416363636
2009/1/31,DGS10,2.5175
2009/2/28,DGS10,2.87
2009/3/31,DGS10,2.819545455
2009/4/30,DGS10,2.927142857
2009/5/31,DGS10,3.293
2009/6/30,DGS10,3.721818182
2009/7/31,DGS10,3.562272727
2009/8/31,DGS10,3.587142857
2009/9/30,DGS10,3.401904762
2009/10/31,DGS10,3.387619048
2009/11/30,DGS10,3.402631579
2009/12/31,DGS10,3.59
2010/1/31,DGS10,3.733157895
2010/2/28,DGS10,3.691052632
2010/3/31,DGS10,3.727391304
2010/4/30,DGS10,3.846818182
2010/5/31,DGS10,3.42
2010/6/30,DGS10,3.204090909
2010/7/31,DGS10,3.011428571
2010/8/31,DGS10,2.698636364
2010/9/30,DGS10,2.647619048
2010/10/31,DGS10,2.54
2010/11/30,DGS10,2.763
2010/12/31,DGS10,3.290909091
2011/1/31,DGS10,3.394
2011/2/28,DGS10,3.576315789
2011/3/31,DGS10,3.414347826
2011/4/30,DGS10,3.455
2011/5/31,DGS10,3.168571429
2011/6/30,DGS10,3.002272727
2011/7/31,DGS10,3.003
2011/8/31,DGS10,2.303043478
2011/9/30,DGS10,1.975238095
2011/10/31,DGS10,2.152
2011/11/30,DGS10,2.0135
2011/12/31,DGS10,1.978095238
2012/1/31,DGS10,1.9665
2012/2/29,DGS10,1.9675
2012/3/31,DGS10,2.172727273
2012/4/30,DGS10,2.052857143
2012/5/31,DGS10,1.803181818
2012/6/30,DGS10,1.622380952
2012/7/31,DGS10,1.526666667
2012/8/31,DGS10,1.67826087
2012/9/30,DGS10,1.723157895
2012/10/31,DGS10,1.746190476
2012/11/30,DGS10,1.654
2012/12/31,DGS10,1.719
2013/1/31,DGS10,1.914761905
2013/2/28,DGS10,1.984210526
2013/3/31,DGS10,1.9575
2013/4/30,DGS10,1.759090909
2013/5/31,DGS10,1.928181818
2013/6/30,DGS10,2.3
2013/7/31,DGS10,2.582272727
2013/8/31,DGS10,2.737272727
2013/9/30,DGS10,2.8095
2013/10/31,DGS10,2.615909091
2013/11/30,DGS10,2.718421053
2013/12/31,DGS10,2.901904762
2014/1/31,DGS10,2.858095238
2014/2/28,DGS10,2.709473684
2014/3/31,DGS10,2.723333333
2014/4/30,DGS10,2.705238095
2014/5/31,DGS10,2.559047619
2014/6/30,DGS10,2.598571429
2014/7/31,DGS10,2.542272727
2014/8/31,DGS10,2.42
2014/9/30,DGS10,2.534285714
2014/10/31,DGS10,2.304090909
2014/11/30,DGS10,2.325555556
2014/12/31,DGS10,2.207272727
2015/1/31,DGS10,1.8815
2015/2/28,DGS10,1.975263158
2015/3/31,DGS10,2.042727273
2015/4/30,DGS10,1.935
2015/5/31,DGS10,2.1975
2015/6/30,DGS10,2.363636364
2015/7/31,DGS10,2.324545455
2015/8/31,DGS10,2.167142857
2015/9/30,DGS10,2.172857143
2015/10/31,DGS10,2.07
2015/11/30,DGS10,2.263157895
2015/12/31,DGS10,2.242727273
2016/1/31,DGS10,2.085263158
2016/2/29,DGS10,1.7795
2016/3/31,DGS10,1.889090909
2016/4/30,DGS10,1.805238095
2016/5/31,DGS10,1.806190476
2016/6/30,DGS10,1.644090909
2016/7/31,DGS10,1.504
2016/8/31,DGS10,1.556521739
2016/9/30,DGS10,1.63047619
2016/10/31,DGS10,1.7645
2016/11/30,DGS10,2.142
2016/12/31,DGS10,2.491904762
2017/1/31,DGS10,2.4325
2017/2/28,DGS10,2.418947368
2017/3/31,DGS10,2.48173913
2017/4/30,DGS10,2.297368421
2017/5/31,DGS10,2.303636364
2017/6/30,DGS10,2.186818182
2017/7/31,DGS10,2.318
2017/8/31,DGS10,2.209130435
2017/9/30,DGS10,2.202
2017/10/31,DGS10,2.36
2017/11/30,DGS10,2.353333333
2017/12/31,DGS10,2.4025
2018/1/31,DGS10,2.583809524
2018/2/28,DGS10,2.858947368
2018/3/31,DGS10,2.842380952
2018/4/30,DGS10,2.869047619
2018/5/31,DGS10,2.977727273
2018/6/30,DGS10,2.912380952
2018/7/31,DGS10,2.889047619
2018/8/31,DGS10,2.889130435
2018/9/30,DGS10,3.004210526
2018/10/31,DGS10,3.152272727
2018/11/30,DGS10,3.117
2018/12/31,DGS10,2.832631579
2019/1/31,DGS10,2.713809524
2019/2/28,DGS10,2.676315789
2019/3/31,DGS10,2.570952381
2019/4/30,DGS10,2.532380952
2019/5/31,DGS10,2.395
2019/6/30,DGS10,2.074
2019/7/31,DGS10,2.059090909
2019/8/31,DGS10,1.626363636
2019/9/30,DGS10,1.6995
2019/10/31,DGS10,1.706818182
2019/11/30,DGS10,1.812105263
2019/12/31,DGS10,1.862857143
2020/1/31,DGS10,1.757619048
2020/2/29,DGS10,1.504210526
2020/3/31,DGS10,0.87
2020/4/30,DGS10,0.657619048
2020/5/31,DGS10,0.674
2020/6/30,DGS10,0.728636364
2020/7/31,DGS10,0.623636364
2020/8/31,DGS10,0.65
2020/9/30,DGS10,0.67952381
2020/10/31,DGS10,0.787142857
2020/11/30,DGS10,0.87
2020/12/31,DGS10,0.933636364
2021/1/31,DGS10,1.081052632
2021/2/28,DGS10,1.257894737
2021/3/31,DGS10,1.610869565
2021/4/30,DGS10,1.635
2021/5/31,DGS10,1.621
2021/6/30,DGS10,1.519090909
2021/7/31,DGS10,1.318571429
2021/8/31,DGS10,1.283181818
2021/9/30,DGS10,1.374761905
2021/10/31,DGS10,1.5825
2021/11/30,DGS10,1.5595
2021/12/31,DGS10,1.465
2022/1/31,DGS10,1.764
2022/2/28,DGS10,1.934210526
2022/3/31,DGS10,2.127826087
2022/4/30,DGS10,2.7475
2022/5/31,DGS10,2.898095238
2022/6/30,DGS10,3.143333333
2022/7/31,DGS10,2.896
2022/8/31,DGS10,2.897826087
2022/9/30,DGS10,3.519047619
2022/10/31,DGS10,3.9835
2022/11/30,DGS10,3.891
2022/12/31,DGS10,3.616190476
2023/1/31,DGS10,3.5315
2023/2/28,DGS10,3.746842105
2023/3/31,DGS10,3.663043478
2023/4/30,DGS10,3.46
2023/5/31,DGS10,3.573636364
2023/6/30,DGS10,3.748095238
2023/7/31,DGS10,3.8995
2023/8/31,DGS10,4.167826087
2023/9/30,DGS10,4.379
2023/10/31,DGS10,4.798095238
2023/11/30,DGS10,4.502857143
2023/12/31,DGS10,4.02
2024/1/31,DGS10,4.058095238
2024/2/29,DGS10,4.2075
2024/3/31,DGS10,4.2085
2024/4/30,DGS10,4.539090909
2024/5/31,DGS10,4.482272727
2024/6/30,DGS10,4.305263158
2024/7/31,DGS10,4.248636364
2024/8/31,DGS10,3.870909091
2024/9/30,DGS10,3.7235
2024/10/31,DGS10,4.095454545
2024/11/30,DGS10,4.355789474
2024/12/31,DGS10,4.391428571
2025/1/31,DGS10,4.629047619
2025/2/28,DGS10,4.451052632
2025/3/31,DGS10,4.28047619
2025/4/30,DGS10,4.279047619
2025/5/31,DGS10,4.423809524
2025/6/30,DGS10,4.3835
2025/7/31,DGS10,4.391818182
2025/8/31,DGS10,4.270625
